{
    "$schema": "https://schema.management.azure.com/schemas/2015-01-01/deploymentParameters.json#",
    "contentVersion": "1.0.0.0",
    "parameters": {
        "connections_office365_name": {
            "value": null
        },
        "connections_office365_1_name": {
            "value": null
        },
        "connections_office365_2_name": {
            "value": null
        },
        "workflows_TollBoothLogic_name": {
            "value": null
        },
        "sites_TollBoothEvents8bmontes_name": {
            "value": null
        },
        "topics_TollboothEventGrid_name": {
            "value": null
        },
        "components_TollboothMonitor_name": {
            "value": null
        },
        "vaults_TollBoothVault8bmontes_name": {
            "value": null
        },
        "sites_TollBoothFunctionApp8bmontes_name": {
            "value": null
        },
        "systemTopics_processimagesubtopic_name": {
            "value": null
        },
        "databaseAccounts_tollboothdb8bmontes_name": {
            "value": null
        },
        "storageAccounts_storageaccountserve8aba_name": {
            "value": null
        },
        "storageAccounts_storageaccountserve8b7f_name": {
            "value": null
        },
        "storageAccounts_storageaccountserveb0e7_name": {
            "value": null
        },
        "serverfarms_ASP_ServerlessArchitecture_9d92_name": {
            "value": null
        },
        "serverfarms_ASP_ServerlessArchitecture_a95b_name": {
            "value": null
        },
        "storageAccounts_tollboothstorage8bmontes_name": {
            "value": null
        },
        "accounts_Tollboothvision8bmontes_name": {
            "value": null
        },
        "smartdetectoralertrules_failure_anomalies___tollboothmonitor_name": {
            "value": null
        },
        "actiongroups_application_insights_smart_detection_externalid": {
            "value": null
        }
    }
}