{
    "$schema": "https://schema.management.azure.com/schemas/2015-01-01/deploymentTemplate.json#",
    "contentVersion": "1.0.0.0",
    "parameters": {
        "connections_office365_name": {
            "defaultValue": "office365",
            "type": "String"
        },
        "connections_office365_1_name": {
            "defaultValue": "office365-1",
            "type": "String"
        },
        "connections_office365_2_name": {
            "defaultValue": "office365-2",
            "type": "String"
        },
        "workflows_TollBoothLogic_name": {
            "defaultValue": "TollBoothLogic",
            "type": "String"
        },
        "sites_TollBoothEvents8bmontes_name": {
            "defaultValue": "TollBoothEvents8bmontes",
            "type": "String"
        },
        "topics_TollboothEventGrid_name": {
            "defaultValue": "TollboothEventGrid",
            "type": "String"
        },
        "components_TollboothMonitor_name": {
            "defaultValue": "TollboothMonitor",
            "type": "String"
        },
        "vaults_TollBoothVault8bmontes_name": {
            "defaultValue": "TollBoothVault8bmontes",
            "type": "String"
        },
        "sites_TollBoothFunctionApp8bmontes_name": {
            "defaultValue": "TollBoothFunctionApp8bmontes",
            "type": "String"
        },
        "systemTopics_processimagesubtopic_name": {
            "defaultValue": "processimagesubtopic",
            "type": "String"
        },
        "databaseAccounts_tollboothdb8bmontes_name": {
            "defaultValue": "tollboothdb8bmontes",
            "type": "String"
        },
        "storageAccounts_storageaccountserve8aba_name": {
            "defaultValue": "storageaccountserve8aba",
            "type": "String"
        },
        "storageAccounts_storageaccountserve8b7f_name": {
            "defaultValue": "storageaccountserve8b7f",
            "type": "String"
        },
        "storageAccounts_storageaccountserveb0e7_name": {
            "defaultValue": "storageaccountserveb0e7",
            "type": "String"
        },
        "serverfarms_ASP_ServerlessArchitecture_9d92_name": {
            "defaultValue": "ASP-ServerlessArchitecture-9d92",
            "type": "String"
        },
        "serverfarms_ASP_ServerlessArchitecture_a95b_name": {
            "defaultValue": "ASP-ServerlessArchitecture-a95b",
            "type": "String"
        },
        "storageAccounts_tollboothstorage8bmontes_name": {
            "defaultValue": "tollboothstorage8bmontes",
            "type": "String"
        },
        "accounts_Tollboothvision8bmontes_name": {
            "defaultValue": "Tollboothvision8bmontes",
            "type": "String"
        },
        "smartdetectoralertrules_failure_anomalies___tollboothmonitor_name": {
            "defaultValue": "failure anomalies - tollboothmonitor",
            "type": "String"
        },
        "actiongroups_application_insights_smart_detection_externalid": {
            "defaultValue": "/subscriptions/b5bf402a-fdc3-4813-b8e0-5347d3c1539e/resourceGroups/managedplatform/providers/microsoft.insights/actiongroups/application insights smart detection",
            "type": "String"
        }
    },
    "variables": {},
    "resources": [
        {
            "type": "Microsoft.CognitiveServices/accounts",
            "apiVersion": "2017-04-18",
            "name": "[parameters('accounts_Tollboothvision8bmontes_name')]",
            "location": "francecentral",
            "sku": {
                "name": "S1"
            },
            "kind": "ComputerVision",
            "properties": {
                "customSubDomainName": "tollboothvision8bmontes",
                "privateEndpointConnections": [],
                "publicNetworkAccess": "Enabled"
            }
        },
        {
            "type": "Microsoft.DocumentDB/databaseAccounts",
            "apiVersion": "2020-06-01-preview",
            "name": "[parameters('databaseAccounts_tollboothdb8bmontes_name')]",
            "location": "West Europe",
            "tags": {
                "defaultExperience": "Core (SQL)",
                "hidden-cosmos-mmspecial": "",
                "CosmosAccountType": "Production"
            },
            "kind": "GlobalDocumentDB",
            "identity": {
                "type": "None"
            },
            "properties": {
                "publicNetworkAccess": "Enabled",
                "enableAutomaticFailover": false,
                "enableMultipleWriteLocations": false,
                "isVirtualNetworkFilterEnabled": false,
                "virtualNetworkRules": [],
                "disableKeyBasedMetadataWriteAccess": false,
                "enableFreeTier": false,
                "enableAnalyticalStorage": false,
                "createMode": "Default",
                "databaseAccountOfferType": "Standard",
                "consistencyPolicy": {
                    "defaultConsistencyLevel": "Session",
                    "maxIntervalInSeconds": 5,
                    "maxStalenessPrefix": 100
                },
                "locations": [
                    {
                        "locationName": "West Europe",
                        "provisioningState": "Updating",
                        "failoverPriority": 0,
                        "isZoneRedundant": false
                    }
                ],
                "cors": [],
                "capabilities": [],
                "ipRules": [
                    {
                        "ipAddressOrRange": "69.52.69.38"
                    },
                    {
                        "ipAddressOrRange": "104.42.195.92"
                    },
                    {
                        "ipAddressOrRange": "40.76.54.131"
                    },
                    {
                        "ipAddressOrRange": "52.176.6.30"
                    },
                    {
                        "ipAddressOrRange": "52.169.50.45"
                    },
                    {
                        "ipAddressOrRange": "52.187.184.26"
                    },
                    {
                        "ipAddressOrRange": "0.0.0.0"
                    }
                ],
                "backupPolicy": {
                    "type": "Periodic",
                    "periodicModeProperties": {
                        "backupIntervalInMinutes": 240,
                        "backupRetentionIntervalInHours": 8
                    }
                }
            }
        },
        {
            "type": "Microsoft.EventGrid/topics",
            "apiVersion": "2020-06-01",
            "name": "[parameters('topics_TollboothEventGrid_name')]",
            "location": "francecentral",
            "properties": {
                "inputSchema": "EventGridSchema",
                "publicNetworkAccess": "Enabled"
            }
        },
        {
            "type": "microsoft.insights/components",
            "apiVersion": "2018-05-01-preview",
            "name": "[parameters('components_TollboothMonitor_name')]",
            "location": "westeurope",
            "tags": {
                "hidden-link:/subscriptions/b5bf402a-fdc3-4813-b8e0-5347d3c1539e/resourceGroups/ServerlessArchitecture/providers/Microsoft.Web/sites/TollBoothFunctionApp8bmontes": "Resource",
                "hidden-link:/subscriptions/b5bf402a-fdc3-4813-b8e0-5347d3c1539e/resourceGroups/ServerlessArchitecture/providers/Microsoft.Web/sites/TollBoothEvents8bmontes": "Resource"
            },
            "kind": "web",
            "properties": {
                "Application_Type": "web",
                "Flow_Type": "Redfield",
                "Request_Source": "IbizaAIExtension",
                "RetentionInDays": 90,
                "publicNetworkAccessForIngestion": "Enabled",
                "publicNetworkAccessForQuery": "Enabled"
            }
        },
        {
            "type": "Microsoft.KeyVault/vaults",
            "apiVersion": "2016-10-01",
            "name": "[parameters('vaults_TollBoothVault8bmontes_name')]",
            "location": "francecentral",
            "properties": {
                "sku": {
                    "family": "A",
                    "name": "Standard"
                },
                "tenantId": "fe2a205f-ecfe-4945-9b86-c64c9f07f15e",
                "accessPolicies": [
                    {
                        "tenantId": "fe2a205f-ecfe-4945-9b86-c64c9f07f15e",
                        "objectId": "4b715daa-f8db-409b-bfbf-bbbd25339073",
                        "permissions": {
                            "keys": [],
                            "secrets": [
                                "Get"
                            ],
                            "certificates": []
                        }
                    },
                    {
                        "tenantId": "fe2a205f-ecfe-4945-9b86-c64c9f07f15e",
                        "objectId": "8fcc2ca1-1c0d-444e-b4d5-b84e4821ab8d",
                        "permissions": {
                            "keys": [
                                "Get",
                                "List",
                                "Update",
                                "Create",
                                "Import",
                                "Delete",
                                "Recover",
                                "Backup",
                                "Restore"
                            ],
                            "secrets": [
                                "Get",
                                "List",
                                "Set",
                                "Delete",
                                "Recover",
                                "Backup",
                                "Restore"
                            ],
                            "certificates": [
                                "Get",
                                "List",
                                "Update",
                                "Create",
                                "Import",
                                "Delete",
                                "Recover",
                                "Backup",
                                "Restore",
                                "ManageContacts",
                                "ManageIssuers",
                                "GetIssuers",
                                "ListIssuers",
                                "SetIssuers",
                                "DeleteIssuers"
                            ]
                        }
                    }
                ],
                "enabledForDeployment": false,
                "enabledForDiskEncryption": false,
                "enabledForTemplateDeployment": false,
                "enableSoftDelete": true
            }
        },
        {
            "type": "Microsoft.Storage/storageAccounts",
            "apiVersion": "2019-06-01",
            "name": "[parameters('storageAccounts_storageaccountserve8aba_name')]",
            "location": "francecentral",
            "sku": {
                "name": "Standard_LRS",
                "tier": "Standard"
            },
            "kind": "Storage",
            "properties": {
                "networkAcls": {
                    "bypass": "AzureServices",
                    "virtualNetworkRules": [],
                    "ipRules": [],
                    "defaultAction": "Allow"
                },
                "supportsHttpsTrafficOnly": true,
                "encryption": {
                    "services": {
                        "file": {
                            "keyType": "Account",
                            "enabled": true
                        },
                        "blob": {
                            "keyType": "Account",
                            "enabled": true
                        }
                    },
                    "keySource": "Microsoft.Storage"
                }
            }
        },
        {
            "type": "Microsoft.Storage/storageAccounts",
            "apiVersion": "2019-06-01",
            "name": "[parameters('storageAccounts_storageaccountserve8b7f_name')]",
            "location": "francecentral",
            "sku": {
                "name": "Standard_LRS",
                "tier": "Standard"
            },
            "kind": "Storage",
            "properties": {
                "networkAcls": {
                    "bypass": "AzureServices",
                    "virtualNetworkRules": [],
                    "ipRules": [],
                    "defaultAction": "Allow"
                },
                "supportsHttpsTrafficOnly": true,
                "encryption": {
                    "services": {
                        "file": {
                            "keyType": "Account",
                            "enabled": true
                        },
                        "blob": {
                            "keyType": "Account",
                            "enabled": true
                        }
                    },
                    "keySource": "Microsoft.Storage"
                }
            }
        },
        {
            "type": "Microsoft.Storage/storageAccounts",
            "apiVersion": "2019-06-01",
            "name": "[parameters('storageAccounts_storageaccountserveb0e7_name')]",
            "location": "francecentral",
            "sku": {
                "name": "Standard_LRS",
                "tier": "Standard"
            },
            "kind": "Storage",
            "properties": {
                "networkAcls": {
                    "bypass": "AzureServices",
                    "virtualNetworkRules": [],
                    "ipRules": [],
                    "defaultAction": "Allow"
                },
                "supportsHttpsTrafficOnly": true,
                "encryption": {
                    "services": {
                        "file": {
                            "keyType": "Account",
                            "enabled": true
                        },
                        "blob": {
                            "keyType": "Account",
                            "enabled": true
                        }
                    },
                    "keySource": "Microsoft.Storage"
                }
            }
        },
        {
            "type": "Microsoft.Storage/storageAccounts",
            "apiVersion": "2019-06-01",
            "name": "[parameters('storageAccounts_tollboothstorage8bmontes_name')]",
            "location": "westeurope",
            "sku": {
                "name": "Standard_LRS",
                "tier": "Standard"
            },
            "kind": "StorageV2",
            "properties": {
                "minimumTlsVersion": "TLS1_2",
                "allowBlobPublicAccess": true,
                "networkAcls": {
                    "bypass": "AzureServices",
                    "virtualNetworkRules": [],
                    "ipRules": [],
                    "defaultAction": "Allow"
                },
                "supportsHttpsTrafficOnly": true,
                "encryption": {
                    "services": {
                        "file": {
                            "keyType": "Account",
                            "enabled": true
                        },
                        "blob": {
                            "keyType": "Account",
                            "enabled": true
                        }
                    },
                    "keySource": "Microsoft.Storage"
                },
                "accessTier": "Hot"
            }
        },
        {
            "type": "Microsoft.Web/connections",
            "apiVersion": "2016-06-01",
            "name": "[parameters('connections_office365_name')]",
            "location": "westeurope",
            "kind": "V1",
            "properties": {
                "displayName": "Benoit.Montes@blackrock.com",
                "customParameterValues": {},
                "api": {
                    "id": "[concat('/subscriptions/b5bf402a-fdc3-4813-b8e0-5347d3c1539e/providers/Microsoft.Web/locations/westeurope/managedApis/', parameters('connections_office365_name'))]"
                }
            }
        },
        {
            "type": "Microsoft.Web/connections",
            "apiVersion": "2016-06-01",
            "name": "[parameters('connections_office365_1_name')]",
            "location": "westeurope",
            "kind": "V1",
            "properties": {
                "displayName": "live.com#benoit.montes@pm.me",
                "customParameterValues": {},
                "api": {
                    "id": "/subscriptions/b5bf402a-fdc3-4813-b8e0-5347d3c1539e/providers/Microsoft.Web/locations/westeurope/managedApis/office365"
                }
            }
        },
        {
            "type": "Microsoft.Web/connections",
            "apiVersion": "2016-06-01",
            "name": "[parameters('connections_office365_2_name')]",
            "location": "westeurope",
            "kind": "V1",
            "properties": {
                "displayName": "bmontes@efront.com",
                "customParameterValues": {},
                "api": {
                    "id": "/subscriptions/b5bf402a-fdc3-4813-b8e0-5347d3c1539e/providers/Microsoft.Web/locations/westeurope/managedApis/office365"
                }
            }
        },
        {
            "type": "Microsoft.Web/serverfarms",
            "apiVersion": "2018-02-01",
            "name": "[parameters('serverfarms_ASP_ServerlessArchitecture_9d92_name')]",
            "location": "France Central",
            "sku": {
                "name": "Y1",
                "tier": "Dynamic",
                "size": "Y1",
                "family": "Y",
                "capacity": 0
            },
            "kind": "functionapp",
            "properties": {
                "perSiteScaling": false,
                "maximumElasticWorkerCount": 1,
                "isSpot": false,
                "reserved": false,
                "isXenon": false,
                "hyperV": false,
                "targetWorkerCount": 0,
                "targetWorkerSizeId": 0
            }
        },
        {
            "type": "Microsoft.Web/serverfarms",
            "apiVersion": "2018-02-01",
            "name": "[parameters('serverfarms_ASP_ServerlessArchitecture_a95b_name')]",
            "location": "France Central",
            "sku": {
                "name": "Y1",
                "tier": "Dynamic",
                "size": "Y1",
                "family": "Y",
                "capacity": 0
            },
            "kind": "functionapp",
            "properties": {
                "perSiteScaling": false,
                "maximumElasticWorkerCount": 1,
                "isSpot": false,
                "reserved": false,
                "isXenon": false,
                "hyperV": false,
                "targetWorkerCount": 0,
                "targetWorkerSizeId": 0
            }
        },
        {
            "type": "microsoft.alertsmanagement/smartdetectoralertrules",
            "apiVersion": "2019-06-01",
            "name": "[parameters('smartdetectoralertrules_failure_anomalies___tollboothmonitor_name')]",
            "location": "global",
            "dependsOn": [
                "[resourceId('microsoft.insights/components', parameters('components_TollboothMonitor_name'))]"
            ],
            "properties": {
                "description": "Failure Anomalies notifies you of an unusual rise in the rate of failed HTTP requests or dependency calls.",
                "state": "Enabled",
                "severity": "Sev3",
                "frequency": "PT1M",
                "detector": {
                    "id": "FailureAnomaliesDetector",
                    "name": "Failure Anomalies",
                    "description": "Detects if your application experiences an abnormal rise in the rate of HTTP requests or dependency calls that are reported as failed. The anomaly detection uses machine learning algorithms and occurs in near real time, therefore there's no need to define a frequency for this signal.<br/></br/>To help you triage and diagnose the problem, an analysis of the characteristics of the failures and related telemetry is provided with the detection. This feature works for any app, hosted in the cloud or on your own servers, that generates request or dependency telemetry - for example, if you have a worker role that calls <a class=\"ext-smartDetecor-link\" href=\\\"https://docs.microsoft.com/azure/application-insights/app-insights-api-custom-events-metrics#trackrequest\\\" target=\\\"_blank\\\">TrackRequest()</a> or <a class=\"ext-smartDetecor-link\" href=\\\"https://docs.microsoft.com/azure/application-insights/app-insights-api-custom-events-metrics#trackdependency\\\" target=\\\"_blank\\\">TrackDependency()</a>.<br/><br/><a class=\"ext-smartDetecor-link\" href=\\\"https://docs.microsoft.com/azure/azure-monitor/app/proactive-failure-diagnostics\\\" target=\\\"_blank\\\">Learn more about Failure Anomalies</a>",
                    "supportedResourceTypes": [
                        "ApplicationInsights"
                    ]
                },
                "scope": [
                    "[resourceId('microsoft.insights/components', parameters('components_TollboothMonitor_name'))]"
                ],
                "actionGroups": {
                    "groupIds": [
                        "[parameters('actiongroups_application_insights_smart_detection_externalid')]"
                    ]
                }
            }
        },
        {
            "type": "Microsoft.DocumentDB/databaseAccounts/sqlDatabases",
            "apiVersion": "2020-06-01-preview",
            "name": "[concat(parameters('databaseAccounts_tollboothdb8bmontes_name'), '/LicensePlates')]",
            "dependsOn": [
                "[resourceId('Microsoft.DocumentDB/databaseAccounts', parameters('databaseAccounts_tollboothdb8bmontes_name'))]"
            ],
            "properties": {
                "resource": {
                    "id": "LicensePlates"
                },
                "options": {}
            }
        },
        {
            "type": "Microsoft.EventGrid/systemTopics",
            "apiVersion": "2020-04-01-preview",
            "name": "[parameters('systemTopics_processimagesubtopic_name')]",
            "location": "westeurope",
            "dependsOn": [
                "[resourceId('Microsoft.Storage/storageAccounts', parameters('storageAccounts_tollboothstorage8bmontes_name'))]"
            ],
            "properties": {
                "source": "[resourceId('Microsoft.Storage/storageAccounts', parameters('storageAccounts_tollboothstorage8bmontes_name'))]",
                "topicType": "Microsoft.Storage.StorageAccounts"
            }
        },
        {
            "type": "Microsoft.KeyVault/vaults/secrets",
            "apiVersion": "2016-10-01",
            "name": "[concat(parameters('vaults_TollBoothVault8bmontes_name'), '/blobStorageConnection')]",
            "location": "francecentral",
            "dependsOn": [
                "[resourceId('Microsoft.KeyVault/vaults', parameters('vaults_TollBoothVault8bmontes_name'))]"
            ],
            "properties": {
                "attributes": {
                    "enabled": true
                }
            }
        },
        {
            "type": "Microsoft.KeyVault/vaults/secrets",
            "apiVersion": "2016-10-01",
            "name": "[concat(parameters('vaults_TollBoothVault8bmontes_name'), '/computerVisionApiKey')]",
            "location": "francecentral",
            "dependsOn": [
                "[resourceId('Microsoft.KeyVault/vaults', parameters('vaults_TollBoothVault8bmontes_name'))]"
            ],
            "properties": {
                "attributes": {
                    "enabled": true
                }
            }
        },
        {
            "type": "Microsoft.KeyVault/vaults/secrets",
            "apiVersion": "2016-10-01",
            "name": "[concat(parameters('vaults_TollBoothVault8bmontes_name'), '/cosmosDBAuthorizationKey')]",
            "location": "francecentral",
            "dependsOn": [
                "[resourceId('Microsoft.KeyVault/vaults', parameters('vaults_TollBoothVault8bmontes_name'))]"
            ],
            "properties": {
                "attributes": {
                    "enabled": true
                }
            }
        },
        {
            "type": "Microsoft.KeyVault/vaults/secrets",
            "apiVersion": "2016-10-01",
            "name": "[concat(parameters('vaults_TollBoothVault8bmontes_name'), '/eventGridTopicKey')]",
            "location": "francecentral",
            "dependsOn": [
                "[resourceId('Microsoft.KeyVault/vaults', parameters('vaults_TollBoothVault8bmontes_name'))]"
            ],
            "properties": {
                "attributes": {
                    "enabled": true
                }
            }
        },
        {
            "type": "Microsoft.Storage/storageAccounts/blobServices",
            "apiVersion": "2019-06-01",
            "name": "[concat(parameters('storageAccounts_storageaccountserve8aba_name'), '/default')]",
            "dependsOn": [
                "[resourceId('Microsoft.Storage/storageAccounts', parameters('storageAccounts_storageaccountserve8aba_name'))]"
            ],
            "sku": {
                "name": "Standard_LRS",
                "tier": "Standard"
            },
            "properties": {
                "cors": {
                    "corsRules": []
                },
                "deleteRetentionPolicy": {
                    "enabled": false
                }
            }
        },
        {
            "type": "Microsoft.Storage/storageAccounts/blobServices",
            "apiVersion": "2019-06-01",
            "name": "[concat(parameters('storageAccounts_storageaccountserve8b7f_name'), '/default')]",
            "dependsOn": [
                "[resourceId('Microsoft.Storage/storageAccounts', parameters('storageAccounts_storageaccountserve8b7f_name'))]"
            ],
            "sku": {
                "name": "Standard_LRS",
                "tier": "Standard"
            },
            "properties": {
                "cors": {
                    "corsRules": []
                },
                "deleteRetentionPolicy": {
                    "enabled": false
                }
            }
        },
        {
            "type": "Microsoft.Storage/storageAccounts/blobServices",
            "apiVersion": "2019-06-01",
            "name": "[concat(parameters('storageAccounts_storageaccountserveb0e7_name'), '/default')]",
            "dependsOn": [
                "[resourceId('Microsoft.Storage/storageAccounts', parameters('storageAccounts_storageaccountserveb0e7_name'))]"
            ],
            "sku": {
                "name": "Standard_LRS",
                "tier": "Standard"
            },
            "properties": {
                "cors": {
                    "corsRules": []
                },
                "deleteRetentionPolicy": {
                    "enabled": false
                }
            }
        },
        {
            "type": "Microsoft.Storage/storageAccounts/blobServices",
            "apiVersion": "2019-06-01",
            "name": "[concat(parameters('storageAccounts_tollboothstorage8bmontes_name'), '/default')]",
            "dependsOn": [
                "[resourceId('Microsoft.Storage/storageAccounts', parameters('storageAccounts_tollboothstorage8bmontes_name'))]"
            ],
            "sku": {
                "name": "Standard_LRS",
                "tier": "Standard"
            },
            "properties": {
                "cors": {
                    "corsRules": []
                },
                "deleteRetentionPolicy": {
                    "enabled": false
                }
            }
        },
        {
            "type": "Microsoft.Storage/storageAccounts/fileServices",
            "apiVersion": "2019-06-01",
            "name": "[concat(parameters('storageAccounts_storageaccountserve8aba_name'), '/default')]",
            "dependsOn": [
                "[resourceId('Microsoft.Storage/storageAccounts', parameters('storageAccounts_storageaccountserve8aba_name'))]"
            ],
            "sku": {
                "name": "Standard_LRS",
                "tier": "Standard"
            },
            "properties": {
                "cors": {
                    "corsRules": []
                }
            }
        },
        {
            "type": "Microsoft.Storage/storageAccounts/fileServices",
            "apiVersion": "2019-06-01",
            "name": "[concat(parameters('storageAccounts_storageaccountserve8b7f_name'), '/default')]",
            "dependsOn": [
                "[resourceId('Microsoft.Storage/storageAccounts', parameters('storageAccounts_storageaccountserve8b7f_name'))]"
            ],
            "sku": {
                "name": "Standard_LRS",
                "tier": "Standard"
            },
            "properties": {
                "cors": {
                    "corsRules": []
                }
            }
        },
        {
            "type": "Microsoft.Storage/storageAccounts/fileServices",
            "apiVersion": "2019-06-01",
            "name": "[concat(parameters('storageAccounts_storageaccountserveb0e7_name'), '/default')]",
            "dependsOn": [
                "[resourceId('Microsoft.Storage/storageAccounts', parameters('storageAccounts_storageaccountserveb0e7_name'))]"
            ],
            "sku": {
                "name": "Standard_LRS",
                "tier": "Standard"
            },
            "properties": {
                "cors": {
                    "corsRules": []
                }
            }
        },
        {
            "type": "Microsoft.Storage/storageAccounts/fileServices",
            "apiVersion": "2019-06-01",
            "name": "[concat(parameters('storageAccounts_tollboothstorage8bmontes_name'), '/default')]",
            "dependsOn": [
                "[resourceId('Microsoft.Storage/storageAccounts', parameters('storageAccounts_tollboothstorage8bmontes_name'))]"
            ],
            "sku": {
                "name": "Standard_LRS",
                "tier": "Standard"
            },
            "properties": {
                "cors": {
                    "corsRules": []
                }
            }
        },
        {
            "type": "Microsoft.Storage/storageAccounts/queueServices",
            "apiVersion": "2019-06-01",
            "name": "[concat(parameters('storageAccounts_storageaccountserve8aba_name'), '/default')]",
            "dependsOn": [
                "[resourceId('Microsoft.Storage/storageAccounts', parameters('storageAccounts_storageaccountserve8aba_name'))]"
            ],
            "properties": {
                "cors": {
                    "corsRules": []
                }
            }
        },
        {
            "type": "Microsoft.Storage/storageAccounts/queueServices",
            "apiVersion": "2019-06-01",
            "name": "[concat(parameters('storageAccounts_storageaccountserve8b7f_name'), '/default')]",
            "dependsOn": [
                "[resourceId('Microsoft.Storage/storageAccounts', parameters('storageAccounts_storageaccountserve8b7f_name'))]"
            ],
            "properties": {
                "cors": {
                    "corsRules": []
                }
            }
        },
        {
            "type": "Microsoft.Storage/storageAccounts/queueServices",
            "apiVersion": "2019-06-01",
            "name": "[concat(parameters('storageAccounts_storageaccountserveb0e7_name'), '/default')]",
            "dependsOn": [
                "[resourceId('Microsoft.Storage/storageAccounts', parameters('storageAccounts_storageaccountserveb0e7_name'))]"
            ],
            "properties": {
                "cors": {
                    "corsRules": []
                }
            }
        },
        {
            "type": "Microsoft.Storage/storageAccounts/queueServices",
            "apiVersion": "2019-06-01",
            "name": "[concat(parameters('storageAccounts_tollboothstorage8bmontes_name'), '/default')]",
            "dependsOn": [
                "[resourceId('Microsoft.Storage/storageAccounts', parameters('storageAccounts_tollboothstorage8bmontes_name'))]"
            ],
            "properties": {
                "cors": {
                    "corsRules": []
                }
            }
        },
        {
            "type": "Microsoft.Storage/storageAccounts/tableServices",
            "apiVersion": "2019-06-01",
            "name": "[concat(parameters('storageAccounts_storageaccountserve8aba_name'), '/default')]",
            "dependsOn": [
                "[resourceId('Microsoft.Storage/storageAccounts', parameters('storageAccounts_storageaccountserve8aba_name'))]"
            ],
            "properties": {
                "cors": {
                    "corsRules": []
                }
            }
        },
        {
            "type": "Microsoft.Storage/storageAccounts/tableServices",
            "apiVersion": "2019-06-01",
            "name": "[concat(parameters('storageAccounts_storageaccountserve8b7f_name'), '/default')]",
            "dependsOn": [
                "[resourceId('Microsoft.Storage/storageAccounts', parameters('storageAccounts_storageaccountserve8b7f_name'))]"
            ],
            "properties": {
                "cors": {
                    "corsRules": []
                }
            }
        },
        {
            "type": "Microsoft.Storage/storageAccounts/tableServices",
            "apiVersion": "2019-06-01",
            "name": "[concat(parameters('storageAccounts_storageaccountserveb0e7_name'), '/default')]",
            "dependsOn": [
                "[resourceId('Microsoft.Storage/storageAccounts', parameters('storageAccounts_storageaccountserveb0e7_name'))]"
            ],
            "properties": {
                "cors": {
                    "corsRules": []
                }
            }
        },
        {
            "type": "Microsoft.Storage/storageAccounts/tableServices",
            "apiVersion": "2019-06-01",
            "name": "[concat(parameters('storageAccounts_tollboothstorage8bmontes_name'), '/default')]",
            "dependsOn": [
                "[resourceId('Microsoft.Storage/storageAccounts', parameters('storageAccounts_tollboothstorage8bmontes_name'))]"
            ],
            "properties": {
                "cors": {
                    "corsRules": []
                }
            }
        },
        {
            "type": "Microsoft.Web/sites",
            "apiVersion": "2018-11-01",
            "name": "[parameters('sites_TollBoothEvents8bmontes_name')]",
            "location": "France Central",
            "dependsOn": [
                "[resourceId('Microsoft.Web/serverfarms', parameters('serverfarms_ASP_ServerlessArchitecture_a95b_name'))]"
            ],
            "kind": "functionapp",
            "properties": {
                "enabled": true,
                "hostNameSslStates": [
                    {
                        "name": "tollboothevents8bmontes.azurewebsites.net",
                        "sslState": "Disabled",
                        "hostType": "Standard"
                    },
                    {
                        "name": "tollboothevents8bmontes.scm.azurewebsites.net",
                        "sslState": "Disabled",
                        "hostType": "Repository"
                    }
                ],
                "serverFarmId": "[resourceId('Microsoft.Web/serverfarms', parameters('serverfarms_ASP_ServerlessArchitecture_a95b_name'))]",
                "reserved": false,
                "isXenon": false,
                "hyperV": false,
                "siteConfig": {},
                "scmSiteAlsoStopped": false,
                "clientAffinityEnabled": true,
                "clientCertEnabled": false,
                "hostNamesDisabled": false,
                "containerSize": 1536,
                "dailyMemoryTimeQuota": 0,
                "httpsOnly": false,
                "redundancyMode": "None"
            }
        },
        {
            "type": "Microsoft.Web/sites",
            "apiVersion": "2018-11-01",
            "name": "[parameters('sites_TollBoothFunctionApp8bmontes_name')]",
            "location": "France Central",
            "dependsOn": [
                "[resourceId('Microsoft.Web/serverfarms', parameters('serverfarms_ASP_ServerlessArchitecture_9d92_name'))]"
            ],
            "kind": "functionapp",
            "identity": {
                "principalId": "4b715daa-f8db-409b-bfbf-bbbd25339073",
                "tenantId": "fe2a205f-ecfe-4945-9b86-c64c9f07f15e",
                "type": "SystemAssigned"
            },
            "properties": {
                "enabled": true,
                "hostNameSslStates": [
                    {
                        "name": "tollboothfunctionapp8bmontes.azurewebsites.net",
                        "sslState": "Disabled",
                        "hostType": "Standard"
                    },
                    {
                        "name": "tollboothfunctionapp8bmontes.scm.azurewebsites.net",
                        "sslState": "Disabled",
                        "hostType": "Repository"
                    }
                ],
                "serverFarmId": "[resourceId('Microsoft.Web/serverfarms', parameters('serverfarms_ASP_ServerlessArchitecture_9d92_name'))]",
                "reserved": false,
                "isXenon": false,
                "hyperV": false,
                "siteConfig": {},
                "scmSiteAlsoStopped": false,
                "clientAffinityEnabled": true,
                "clientCertEnabled": false,
                "hostNamesDisabled": false,
                "containerSize": 1536,
                "dailyMemoryTimeQuota": 0,
                "httpsOnly": false,
                "redundancyMode": "None"
            }
        },
        {
            "type": "Microsoft.Web/sites/config",
            "apiVersion": "2018-11-01",
            "name": "[concat(parameters('sites_TollBoothEvents8bmontes_name'), '/web')]",
            "location": "France Central",
            "dependsOn": [
                "[resourceId('Microsoft.Web/sites', parameters('sites_TollBoothEvents8bmontes_name'))]"
            ],
            "properties": {
                "numberOfWorkers": -1,
                "defaultDocuments": [
                    "Default.htm",
                    "Default.html",
                    "Default.asp",
                    "index.htm",
                    "index.html",
                    "iisstart.htm",
                    "default.aspx",
                    "index.php"
                ],
                "netFrameworkVersion": "v4.0",
                "phpVersion": "5.6",
                "requestTracingEnabled": false,
                "remoteDebuggingEnabled": false,
                "httpLoggingEnabled": false,
                "logsDirectorySizeLimit": 35,
                "detailedErrorLoggingEnabled": false,
                "publishingUsername": "$TollBoothEvents8bmontes",
                "azureStorageAccounts": {},
                "scmType": "None",
                "use32BitWorkerProcess": true,
                "webSocketsEnabled": false,
                "alwaysOn": false,
                "managedPipelineMode": "Integrated",
                "virtualApplications": [
                    {
                        "virtualPath": "/",
                        "physicalPath": "site\\wwwroot",
                        "preloadEnabled": false
                    }
                ],
                "loadBalancing": "LeastRequests",
                "experiments": {
                    "rampUpRules": []
                },
                "autoHealEnabled": false,
                "cors": {
                    "allowedOrigins": [
                        "https://functions.azure.com",
                        "https://functions-staging.azure.com",
                        "https://functions-next.azure.com"
                    ],
                    "supportCredentials": false
                },
                "localMySqlEnabled": false,
                "ipSecurityRestrictions": [
                    {
                        "ipAddress": "Any",
                        "action": "Allow",
                        "priority": 1,
                        "name": "Allow all",
                        "description": "Allow all access"
                    }
                ],
                "scmIpSecurityRestrictions": [
                    {
                        "ipAddress": "Any",
                        "action": "Allow",
                        "priority": 1,
                        "name": "Allow all",
                        "description": "Allow all access"
                    }
                ],
                "scmIpSecurityRestrictionsUseMain": false,
                "http20Enabled": false,
                "minTlsVersion": "1.2",
                "ftpsState": "AllAllowed",
                "reservedInstanceCount": 0
            }
        },
        {
            "type": "Microsoft.Web/sites/config",
            "apiVersion": "2018-11-01",
            "name": "[concat(parameters('sites_TollBoothFunctionApp8bmontes_name'), '/web')]",
            "location": "France Central",
            "dependsOn": [
                "[resourceId('Microsoft.Web/sites', parameters('sites_TollBoothFunctionApp8bmontes_name'))]"
            ],
            "properties": {
                "numberOfWorkers": -1,
                "defaultDocuments": [
                    "Default.htm",
                    "Default.html",
                    "Default.asp",
                    "index.htm",
                    "index.html",
                    "iisstart.htm",
                    "default.aspx",
                    "index.php"
                ],
                "netFrameworkVersion": "v4.0",
                "phpVersion": "5.6",
                "requestTracingEnabled": false,
                "remoteDebuggingEnabled": false,
                "remoteDebuggingVersion": "VS2019",
                "httpLoggingEnabled": false,
                "logsDirectorySizeLimit": 35,
                "detailedErrorLoggingEnabled": false,
                "publishingUsername": "$TollBoothFunctionApp8bmontes",
                "azureStorageAccounts": {},
                "scmType": "GitHub",
                "use32BitWorkerProcess": true,
                "webSocketsEnabled": false,
                "alwaysOn": false,
                "managedPipelineMode": "Integrated",
                "virtualApplications": [
                    {
                        "virtualPath": "/",
                        "physicalPath": "site\\wwwroot",
                        "preloadEnabled": false
                    }
                ],
                "loadBalancing": "LeastRequests",
                "experiments": {
                    "rampUpRules": []
                },
                "autoHealEnabled": false,
                "cors": {
                    "allowedOrigins": [
                        "https://functions.azure.com",
                        "https://functions-staging.azure.com",
                        "https://functions-next.azure.com"
                    ],
                    "supportCredentials": false
                },
                "localMySqlEnabled": false,
                "managedServiceIdentityId": 4473,
                "ipSecurityRestrictions": [
                    {
                        "ipAddress": "Any",
                        "action": "Allow",
                        "priority": 1,
                        "name": "Allow all",
                        "description": "Allow all access"
                    }
                ],
                "scmIpSecurityRestrictions": [
                    {
                        "ipAddress": "Any",
                        "action": "Allow",
                        "priority": 1,
                        "name": "Allow all",
                        "description": "Allow all access"
                    }
                ],
                "scmIpSecurityRestrictionsUseMain": false,
                "http20Enabled": false,
                "minTlsVersion": "1.2",
                "ftpsState": "AllAllowed",
                "reservedInstanceCount": 0
            }
        },
        {
            "type": "Microsoft.Web/sites/deployments",
            "apiVersion": "2018-11-01",
            "name": "[concat(parameters('sites_TollBoothFunctionApp8bmontes_name'), '/0f9658355a7bbceb049894d35d1961a20c0200ca')]",
            "location": "France Central",
            "dependsOn": [
                "[resourceId('Microsoft.Web/sites', parameters('sites_TollBoothFunctionApp8bmontes_name'))]"
            ],
            "properties": {
                "status": 4,
                "author_email": "bmontes@efront.com",
                "author": "Benoit Montes",
                "deployer": "GitHub",
                "message": "Initial import\n",
                "start_time": "2020-10-09T07:34:14.8623256Z",
                "end_time": "2020-10-09T07:40:29.3193638Z",
                "active": false
            }
        },
        {
            "type": "Microsoft.Web/sites/deployments",
            "apiVersion": "2018-11-01",
            "name": "[concat(parameters('sites_TollBoothFunctionApp8bmontes_name'), '/b9bf85a11cfa23532a582ce1377168a74698dbfb')]",
            "location": "France Central",
            "dependsOn": [
                "[resourceId('Microsoft.Web/sites', parameters('sites_TollBoothFunctionApp8bmontes_name'))]"
            ],
            "properties": {
                "status": 4,
                "author_email": "bmontes@efront.com",
                "author": "Benoit Montes",
                "deployer": "GitHub",
                "message": "Add missing parts\n",
                "start_time": "2020-10-09T07:40:41.1709681Z",
                "end_time": "2020-10-09T07:42:03.8345672Z",
                "active": true
            }
        },
        {
            "type": "Microsoft.Web/sites/functions",
            "apiVersion": "2018-11-01",
            "name": "[concat(parameters('sites_TollBoothFunctionApp8bmontes_name'), '/ExportLicensePlates')]",
            "location": "France Central",
            "dependsOn": [
                "[resourceId('Microsoft.Web/sites', parameters('sites_TollBoothFunctionApp8bmontes_name'))]"
            ],
            "properties": {
                "script_root_path_href": "https://tollboothfunctionapp8bmontes.azurewebsites.net/admin/vfs/site/wwwroot/ExportLicensePlates/",
                "script_href": "https://tollboothfunctionapp8bmontes.azurewebsites.net/admin/vfs/site/wwwroot/bin/TollBooth.dll",
                "config_href": "https://tollboothfunctionapp8bmontes.azurewebsites.net/admin/vfs/site/wwwroot/ExportLicensePlates/function.json",
                "href": "https://tollboothfunctionapp8bmontes.azurewebsites.net/admin/functions/ExportLicensePlates",
                "config": {}
            }
        },
        {
            "type": "Microsoft.Web/sites/functions",
            "apiVersion": "2018-11-01",
            "name": "[concat(parameters('sites_TollBoothFunctionApp8bmontes_name'), '/ProcessImage')]",
            "location": "France Central",
            "dependsOn": [
                "[resourceId('Microsoft.Web/sites', parameters('sites_TollBoothFunctionApp8bmontes_name'))]"
            ],
            "properties": {
                "script_root_path_href": "https://tollboothfunctionapp8bmontes.azurewebsites.net/admin/vfs/site/wwwroot/ProcessImage/",
                "script_href": "https://tollboothfunctionapp8bmontes.azurewebsites.net/admin/vfs/site/wwwroot/bin/TollBooth.dll",
                "config_href": "https://tollboothfunctionapp8bmontes.azurewebsites.net/admin/vfs/site/wwwroot/ProcessImage/function.json",
                "href": "https://tollboothfunctionapp8bmontes.azurewebsites.net/admin/functions/ProcessImage",
                "config": {}
            }
        },
        {
            "type": "Microsoft.Web/sites/functions",
            "apiVersion": "2018-11-01",
            "name": "[concat(parameters('sites_TollBoothEvents8bmontes_name'), '/QueuePlateForManualCheckup')]",
            "location": "France Central",
            "dependsOn": [
                "[resourceId('Microsoft.Web/sites', parameters('sites_TollBoothEvents8bmontes_name'))]"
            ],
            "properties": {
                "script_root_path_href": "https://tollboothevents8bmontes.azurewebsites.net/admin/vfs/site/wwwroot/QueuePlateForManualCheckup/",
                "script_href": "https://tollboothevents8bmontes.azurewebsites.net/admin/vfs/site/wwwroot/QueuePlateForManualCheckup/index.js",
                "config_href": "https://tollboothevents8bmontes.azurewebsites.net/admin/vfs/site/wwwroot/QueuePlateForManualCheckup/function.json",
                "href": "https://tollboothevents8bmontes.azurewebsites.net/admin/functions/QueuePlateForManualCheckup",
                "config": {},
                "test_data": "{\r\n  \"topic\": \"/subscriptions/5b4b650e-28b9-4790-b3ab-ddbd88d727c4/resourcegroups/test/providers/Microsoft.EventHub/namespaces/test\",\r\n  \"subject\": \"eventhubs/test\",\r\n  \"eventType\": \"captureFileCreated\",\r\n  \"eventTime\": \"2017-07-14T23:10:27.7689666Z\",\r\n  \"id\": \"7b11c4ce-1c34-4416-848b-1730e766f126\",\r\n  \"data\": {\r\n    \"fileUrl\": \"https://test.blob.core.windows.net/debugging/testblob.txt\",\r\n    \"fileType\": \"AzureBlockBlob\",\r\n    \"partitionId\": \"1\",\r\n    \"sizeInBytes\": 0,\r\n    \"eventCount\": 0,\r\n    \"firstSequenceNumber\": -1,\r\n    \"lastSequenceNumber\": -1,\r\n    \"firstEnqueueTime\": \"0001-01-01T00:00:00\",\r\n    \"lastEnqueueTime\": \"0001-01-01T00:00:00\"\r\n  },\r\n  \"dataVersion\": \"\", \r\n  \"metadataVersion\": \"1\" \r\n}\r\n"
            }
        },
        {
            "type": "Microsoft.Web/sites/functions",
            "apiVersion": "2018-11-01",
            "name": "[concat(parameters('sites_TollBoothEvents8bmontes_name'), '/SavePlateData')]",
            "location": "France Central",
            "dependsOn": [
                "[resourceId('Microsoft.Web/sites', parameters('sites_TollBoothEvents8bmontes_name'))]"
            ],
            "properties": {
                "script_root_path_href": "https://tollboothevents8bmontes.azurewebsites.net/admin/vfs/site/wwwroot/SavePlateData/",
                "script_href": "https://tollboothevents8bmontes.azurewebsites.net/admin/vfs/site/wwwroot/SavePlateData/index.js",
                "config_href": "https://tollboothevents8bmontes.azurewebsites.net/admin/vfs/site/wwwroot/SavePlateData/function.json",
                "href": "https://tollboothevents8bmontes.azurewebsites.net/admin/functions/SavePlateData",
                "config": {},
                "test_data": "{\r\n  \"topic\": \"/subscriptions/5b4b650e-28b9-4790-b3ab-ddbd88d727c4/resourcegroups/test/providers/Microsoft.EventHub/namespaces/test\",\r\n  \"subject\": \"eventhubs/test\",\r\n  \"eventType\": \"captureFileCreated\",\r\n  \"eventTime\": \"2017-07-14T23:10:27.7689666Z\",\r\n  \"id\": \"7b11c4ce-1c34-4416-848b-1730e766f126\",\r\n  \"data\": {\r\n    \"fileUrl\": \"https://test.blob.core.windows.net/debugging/testblob.txt\",\r\n    \"fileType\": \"AzureBlockBlob\",\r\n    \"partitionId\": \"1\",\r\n    \"sizeInBytes\": 0,\r\n    \"eventCount\": 0,\r\n    \"firstSequenceNumber\": -1,\r\n    \"lastSequenceNumber\": -1,\r\n    \"firstEnqueueTime\": \"0001-01-01T00:00:00\",\r\n    \"lastEnqueueTime\": \"0001-01-01T00:00:00\"\r\n  },\r\n  \"dataVersion\": \"\", \r\n  \"metadataVersion\": \"1\" \r\n}\r\n"
            }
        },
        {
            "type": "Microsoft.Web/sites/hostNameBindings",
            "apiVersion": "2018-11-01",
            "name": "[concat(parameters('sites_TollBoothEvents8bmontes_name'), '/', parameters('sites_TollBoothEvents8bmontes_name'), '.azurewebsites.net')]",
            "location": "France Central",
            "dependsOn": [
                "[resourceId('Microsoft.Web/sites', parameters('sites_TollBoothEvents8bmontes_name'))]"
            ],
            "properties": {
                "siteName": "TollBoothEvents8bmontes",
                "hostNameType": "Verified"
            }
        },
        {
            "type": "Microsoft.Web/sites/hostNameBindings",
            "apiVersion": "2018-11-01",
            "name": "[concat(parameters('sites_TollBoothFunctionApp8bmontes_name'), '/', parameters('sites_TollBoothFunctionApp8bmontes_name'), '.azurewebsites.net')]",
            "location": "France Central",
            "dependsOn": [
                "[resourceId('Microsoft.Web/sites', parameters('sites_TollBoothFunctionApp8bmontes_name'))]"
            ],
            "properties": {
                "siteName": "TollBoothFunctionApp8bmontes",
                "hostNameType": "Verified"
            }
        },
        {
            "type": "Microsoft.DocumentDB/databaseAccounts/sqlDatabases/containers",
            "apiVersion": "2020-06-01-preview",
            "name": "[concat(parameters('databaseAccounts_tollboothdb8bmontes_name'), '/LicensePlates/NeedsManualReview')]",
            "dependsOn": [
                "[resourceId('Microsoft.DocumentDB/databaseAccounts/sqlDatabases', parameters('databaseAccounts_tollboothdb8bmontes_name'), 'LicensePlates')]",
                "[resourceId('Microsoft.DocumentDB/databaseAccounts', parameters('databaseAccounts_tollboothdb8bmontes_name'))]"
            ],
            "properties": {
                "resource": {
                    "id": "NeedsManualReview",
                    "indexingPolicy": {
                        "indexingMode": "consistent",
                        "automatic": true,
                        "includedPaths": [
                            {
                                "path": "/*"
                            }
                        ],
                        "excludedPaths": [
                            {
                                "path": "/\"_etag\"/?"
                            }
                        ]
                    },
                    "partitionKey": {
                        "paths": [
                            "/fileName"
                        ],
                        "kind": "Hash"
                    },
                    "uniqueKeyPolicy": {
                        "uniqueKeys": []
                    },
                    "conflictResolutionPolicy": {
                        "mode": "LastWriterWins",
                        "conflictResolutionPath": "/_ts"
                    }
                },
                "options": {}
            }
        },
        {
            "type": "Microsoft.DocumentDB/databaseAccounts/sqlDatabases/containers",
            "apiVersion": "2020-06-01-preview",
            "name": "[concat(parameters('databaseAccounts_tollboothdb8bmontes_name'), '/LicensePlates/Processed')]",
            "dependsOn": [
                "[resourceId('Microsoft.DocumentDB/databaseAccounts/sqlDatabases', parameters('databaseAccounts_tollboothdb8bmontes_name'), 'LicensePlates')]",
                "[resourceId('Microsoft.DocumentDB/databaseAccounts', parameters('databaseAccounts_tollboothdb8bmontes_name'))]"
            ],
            "properties": {
                "resource": {
                    "id": "Processed",
                    "indexingPolicy": {
                        "indexingMode": "consistent",
                        "automatic": true,
                        "includedPaths": [
                            {
                                "path": "/*"
                            }
                        ],
                        "excludedPaths": [
                            {
                                "path": "/\"_etag\"/?"
                            }
                        ]
                    },
                    "partitionKey": {
                        "paths": [
                            "/licensePlateText"
                        ],
                        "kind": "Hash"
                    },
                    "uniqueKeyPolicy": {
                        "uniqueKeys": []
                    },
                    "conflictResolutionPolicy": {
                        "mode": "LastWriterWins",
                        "conflictResolutionPath": "/_ts"
                    }
                },
                "options": {}
            }
        },
        {
            "type": "Microsoft.DocumentDB/databaseAccounts/sqlDatabases/throughputSettings",
            "apiVersion": "2020-06-01-preview",
            "name": "[concat(parameters('databaseAccounts_tollboothdb8bmontes_name'), '/LicensePlates/default')]",
            "dependsOn": [
                "[resourceId('Microsoft.DocumentDB/databaseAccounts/sqlDatabases', parameters('databaseAccounts_tollboothdb8bmontes_name'), 'LicensePlates')]",
                "[resourceId('Microsoft.DocumentDB/databaseAccounts', parameters('databaseAccounts_tollboothdb8bmontes_name'))]"
            ],
            "properties": {
                "resource": {
                    "throughput": 5000
                }
            }
        },
        {
            "type": "Microsoft.EventGrid/systemTopics/eventSubscriptions",
            "apiVersion": "2020-04-01-preview",
            "name": "[concat(parameters('systemTopics_processimagesubtopic_name'), '/processimagesub')]",
            "dependsOn": [
                "[resourceId('Microsoft.EventGrid/systemTopics', parameters('systemTopics_processimagesubtopic_name'))]",
                "[resourceId('Microsoft.Web/sites/functions', parameters('sites_TollBoothFunctionApp8bmontes_name'), 'ProcessImage')]"
            ],
            "properties": {
                "destination": {
                    "properties": {
                        "resourceId": "[resourceId('Microsoft.Web/sites/functions', parameters('sites_TollBoothFunctionApp8bmontes_name'), 'ProcessImage')]",
                        "maxEventsPerBatch": 1,
                        "preferredBatchSizeInKilobytes": 64
                    },
                    "endpointType": "AzureFunction"
                },
                "filter": {
                    "includedEventTypes": [
                        "Microsoft.Storage.BlobCreated"
                    ]
                },
                "labels": [
                    "functions-processimage"
                ],
                "eventDeliverySchema": "EventGridSchema",
                "retryPolicy": {
                    "maxDeliveryAttempts": 30,
                    "eventTimeToLiveInMinutes": 1440
                }
            }
        },
        {
            "type": "Microsoft.Logic/workflows",
            "apiVersion": "2017-07-01",
            "name": "[parameters('workflows_TollBoothLogic_name')]",
            "location": "westeurope",
            "dependsOn": [
                "[resourceId('Microsoft.Web/sites/functions', parameters('sites_TollBoothFunctionApp8bmontes_name'), 'ExportLicensePlates')]",
                "[resourceId('Microsoft.Web/connections', parameters('connections_office365_2_name'))]"
            ],
            "properties": {
                "state": "Enabled",
                "definition": {
                    "$schema": "https://schema.management.azure.com/providers/Microsoft.Logic/schemas/2016-06-01/workflowdefinition.json#",
                    "contentVersion": "1.0.0.0",
                    "parameters": {
                        "$connections": {
                            "defaultValue": {},
                            "type": "Object"
                        }
                    },
                    "triggers": {
                        "Recurrence": {
                            "recurrence": {
                                "frequency": "Minute",
                                "interval": 15
                            },
                            "type": "Recurrence"
                        }
                    },
                    "actions": {
                        "Condition": {
                            "actions": {},
                            "runAfter": {
                                "ExportLicensePlates": [
                                    "Succeeded"
                                ]
                            },
                            "else": {
                                "actions": {
                                    "Send_an_email_(V2)": {
                                        "runAfter": {},
                                        "type": "ApiConnection",
                                        "inputs": {
                                            "body": {
                                                "Body": "<p>No data was exported. Status code is @{outputs('ExportLicensePlates')['statusCode']}</p>",
                                                "Subject": "Toll Booth license plate export failed",
                                                "To": "benoit.montes@blackrock.com"
                                            },
                                            "host": {
                                                "connection": {
                                                    "name": "@parameters('$connections')['office365']['connectionId']"
                                                }
                                            },
                                            "method": "post",
                                            "path": "/v2/Mail"
                                        }
                                    }
                                }
                            },
                            "expression": {
                                "and": [
                                    {
                                        "equals": [
                                            "@outputs('ExportLicensePlates')['statusCode']",
                                            200
                                        ]
                                    }
                                ]
                            },
                            "type": "If"
                        },
                        "ExportLicensePlates": {
                            "runAfter": {},
                            "type": "Function",
                            "inputs": {
                                "function": {
                                    "id": "[resourceId('Microsoft.Web/sites/functions', parameters('sites_TollBoothFunctionApp8bmontes_name'), 'ExportLicensePlates')]"
                                }
                            }
                        }
                    },
                    "outputs": {}
                },
                "parameters": {
                    "$connections": {
                        "value": {
                            "office365": {
                                "connectionId": "[resourceId('Microsoft.Web/connections', parameters('connections_office365_2_name'))]",
                                "connectionName": "office365-2",
                                "id": "/subscriptions/b5bf402a-fdc3-4813-b8e0-5347d3c1539e/providers/Microsoft.Web/locations/westeurope/managedApis/office365"
                            }
                        }
                    }
                }
            }
        },
        {
            "type": "Microsoft.Storage/storageAccounts/blobServices/containers",
            "apiVersion": "2019-06-01",
            "name": "[concat(parameters('storageAccounts_storageaccountserve8aba_name'), '/default/azure-webjobs-hosts')]",
            "dependsOn": [
                "[resourceId('Microsoft.Storage/storageAccounts/blobServices', parameters('storageAccounts_storageaccountserve8aba_name'), 'default')]",
                "[resourceId('Microsoft.Storage/storageAccounts', parameters('storageAccounts_storageaccountserve8aba_name'))]"
            ],
            "properties": {
                "defaultEncryptionScope": "$account-encryption-key",
                "denyEncryptionScopeOverride": false,
                "publicAccess": "None"
            }
        },
        {
            "type": "Microsoft.Storage/storageAccounts/blobServices/containers",
            "apiVersion": "2019-06-01",
            "name": "[concat(parameters('storageAccounts_storageaccountserve8b7f_name'), '/default/azure-webjobs-hosts')]",
            "dependsOn": [
                "[resourceId('Microsoft.Storage/storageAccounts/blobServices', parameters('storageAccounts_storageaccountserve8b7f_name'), 'default')]",
                "[resourceId('Microsoft.Storage/storageAccounts', parameters('storageAccounts_storageaccountserve8b7f_name'))]"
            ],
            "properties": {
                "defaultEncryptionScope": "$account-encryption-key",
                "denyEncryptionScopeOverride": false,
                "publicAccess": "None"
            }
        },
        {
            "type": "Microsoft.Storage/storageAccounts/blobServices/containers",
            "apiVersion": "2019-06-01",
            "name": "[concat(parameters('storageAccounts_storageaccountserveb0e7_name'), '/default/azure-webjobs-hosts')]",
            "dependsOn": [
                "[resourceId('Microsoft.Storage/storageAccounts/blobServices', parameters('storageAccounts_storageaccountserveb0e7_name'), 'default')]",
                "[resourceId('Microsoft.Storage/storageAccounts', parameters('storageAccounts_storageaccountserveb0e7_name'))]"
            ],
            "properties": {
                "defaultEncryptionScope": "$account-encryption-key",
                "denyEncryptionScopeOverride": false,
                "publicAccess": "None"
            }
        },
        {
            "type": "Microsoft.Storage/storageAccounts/blobServices/containers",
            "apiVersion": "2019-06-01",
            "name": "[concat(parameters('storageAccounts_storageaccountserve8aba_name'), '/default/azure-webjobs-secrets')]",
            "dependsOn": [
                "[resourceId('Microsoft.Storage/storageAccounts/blobServices', parameters('storageAccounts_storageaccountserve8aba_name'), 'default')]",
                "[resourceId('Microsoft.Storage/storageAccounts', parameters('storageAccounts_storageaccountserve8aba_name'))]"
            ],
            "properties": {
                "defaultEncryptionScope": "$account-encryption-key",
                "denyEncryptionScopeOverride": false,
                "publicAccess": "None"
            }
        },
        {
            "type": "Microsoft.Storage/storageAccounts/blobServices/containers",
            "apiVersion": "2019-06-01",
            "name": "[concat(parameters('storageAccounts_storageaccountserve8b7f_name'), '/default/azure-webjobs-secrets')]",
            "dependsOn": [
                "[resourceId('Microsoft.Storage/storageAccounts/blobServices', parameters('storageAccounts_storageaccountserve8b7f_name'), 'default')]",
                "[resourceId('Microsoft.Storage/storageAccounts', parameters('storageAccounts_storageaccountserve8b7f_name'))]"
            ],
            "properties": {
                "defaultEncryptionScope": "$account-encryption-key",
                "denyEncryptionScopeOverride": false,
                "publicAccess": "None"
            }
        },
        {
            "type": "Microsoft.Storage/storageAccounts/blobServices/containers",
            "apiVersion": "2019-06-01",
            "name": "[concat(parameters('storageAccounts_storageaccountserveb0e7_name'), '/default/azure-webjobs-secrets')]",
            "dependsOn": [
                "[resourceId('Microsoft.Storage/storageAccounts/blobServices', parameters('storageAccounts_storageaccountserveb0e7_name'), 'default')]",
                "[resourceId('Microsoft.Storage/storageAccounts', parameters('storageAccounts_storageaccountserveb0e7_name'))]"
            ],
            "properties": {
                "defaultEncryptionScope": "$account-encryption-key",
                "denyEncryptionScopeOverride": false,
                "publicAccess": "None"
            }
        },
        {
            "type": "Microsoft.Storage/storageAccounts/blobServices/containers",
            "apiVersion": "2019-06-01",
            "name": "[concat(parameters('storageAccounts_tollboothstorage8bmontes_name'), '/default/export')]",
            "dependsOn": [
                "[resourceId('Microsoft.Storage/storageAccounts/blobServices', parameters('storageAccounts_tollboothstorage8bmontes_name'), 'default')]",
                "[resourceId('Microsoft.Storage/storageAccounts', parameters('storageAccounts_tollboothstorage8bmontes_name'))]"
            ],
            "properties": {
                "defaultEncryptionScope": "$account-encryption-key",
                "denyEncryptionScopeOverride": false,
                "publicAccess": "None"
            }
        },
        {
            "type": "Microsoft.Storage/storageAccounts/blobServices/containers",
            "apiVersion": "2019-06-01",
            "name": "[concat(parameters('storageAccounts_tollboothstorage8bmontes_name'), '/default/images')]",
            "dependsOn": [
                "[resourceId('Microsoft.Storage/storageAccounts/blobServices', parameters('storageAccounts_tollboothstorage8bmontes_name'), 'default')]",
                "[resourceId('Microsoft.Storage/storageAccounts', parameters('storageAccounts_tollboothstorage8bmontes_name'))]"
            ],
            "properties": {
                "defaultEncryptionScope": "$account-encryption-key",
                "denyEncryptionScopeOverride": false,
                "publicAccess": "None"
            }
        },
        {
            "type": "Microsoft.Storage/storageAccounts/fileServices/shares",
            "apiVersion": "2019-06-01",
            "name": "[concat(parameters('storageAccounts_storageaccountserve8b7f_name'), '/default/tollboothevents8bmontes8f64')]",
            "dependsOn": [
                "[resourceId('Microsoft.Storage/storageAccounts/fileServices', parameters('storageAccounts_storageaccountserve8b7f_name'), 'default')]",
                "[resourceId('Microsoft.Storage/storageAccounts', parameters('storageAccounts_storageaccountserve8b7f_name'))]"
            ],
            "properties": {
                "accessTier": "TransactionOptimized",
                "shareQuota": 5120,
                "enabledProtocols": "SMB"
            }
        },
        {
            "type": "Microsoft.Storage/storageAccounts/fileServices/shares",
            "apiVersion": "2019-06-01",
            "name": "[concat(parameters('storageAccounts_storageaccountserve8aba_name'), '/default/tollboothevents8bmontesa879')]",
            "dependsOn": [
                "[resourceId('Microsoft.Storage/storageAccounts/fileServices', parameters('storageAccounts_storageaccountserve8aba_name'), 'default')]",
                "[resourceId('Microsoft.Storage/storageAccounts', parameters('storageAccounts_storageaccountserve8aba_name'))]"
            ],
            "properties": {
                "accessTier": "TransactionOptimized",
                "shareQuota": 5120,
                "enabledProtocols": "SMB"
            }
        },
        {
            "type": "Microsoft.Storage/storageAccounts/fileServices/shares",
            "apiVersion": "2019-06-01",
            "name": "[concat(parameters('storageAccounts_storageaccountserveb0e7_name'), '/default/tollboothfunctionapp8bmontes8d7b')]",
            "dependsOn": [
                "[resourceId('Microsoft.Storage/storageAccounts/fileServices', parameters('storageAccounts_storageaccountserveb0e7_name'), 'default')]",
                "[resourceId('Microsoft.Storage/storageAccounts', parameters('storageAccounts_storageaccountserveb0e7_name'))]"
            ],
            "properties": {
                "accessTier": "TransactionOptimized",
                "shareQuota": 5120,
                "enabledProtocols": "SMB"
            }
        },
        {
            "type": "Microsoft.DocumentDB/databaseAccounts/sqlDatabases/containers/throughputSettings",
            "apiVersion": "2020-06-01-preview",
            "name": "[concat(parameters('databaseAccounts_tollboothdb8bmontes_name'), '/LicensePlates/NeedsManualReview/default')]",
            "dependsOn": [
                "[resourceId('Microsoft.DocumentDB/databaseAccounts/sqlDatabases/containers', parameters('databaseAccounts_tollboothdb8bmontes_name'), 'LicensePlates', 'NeedsManualReview')]",
                "[resourceId('Microsoft.DocumentDB/databaseAccounts/sqlDatabases', parameters('databaseAccounts_tollboothdb8bmontes_name'), 'LicensePlates')]",
                "[resourceId('Microsoft.DocumentDB/databaseAccounts', parameters('databaseAccounts_tollboothdb8bmontes_name'))]"
            ],
            "properties": {
                "resource": {
                    "throughput": 5000
                }
            }
        }
    ]
}